id,order_id,payment_method,amount,payment_date,status
1,1,debit_card,146.67,2023-07-25,refunded
2,2,gift_card,38.24,2023-04-20,success
3,3,credit_card,187.17,2024-10-27,success
4,4,credit_card,150.66,2024-07-05,success
5,5,credit_card,140.67,2023-07-01,failed
6,6,gift_card,183.7,2024-04-08,success
7,7,paypal,205.18,2024-09-10,success
8,8,debit_card,456.65,2024-03-12,success
9,9,gift_card,250.59,2024-04-02,success
10,10,debit_card,256.3,2023-09-24,refunded
11,11,credit_card,183.09,2023-12-06,failed
12,12,credit_card,314.55,2024-08-02,failed
13,13,credit_card,374.28,2024-05-15,success
14,14,credit_card,409.25,2023-02-25,success
15,15,debit_card,73.1,2024-07-16,refunded
16,16,gift_card,398.85,2023-02-01,failed
17,17,credit_card,56.03,2024-05-06,success
18,18,credit_card,377.31,2024-10-05,success
19,19,credit_card,489.49,2024-03-05,success
20,20,credit_card,130.2,2023-12-05,success
21,21,credit_card,126.56,2024-01-12,success
22,22,apple_pay,199.1,2024-07-17,failed
23,23,paypal,307.53,2023-09-07,failed
24,24,debit_card,184.27,2023-07-08,success
25,25,debit_card,432.26,2023-01-18,success
26,26,debit_card,298.8,2023-11-03,success
27,27,credit_card,80.68,2023-09-30,success
28,28,gift_card,395.99,2024-04-11,success
29,29,credit_card,436.28,2024-09-13,success
30,30,gift_card,389.55,2024-02-11,success
31,31,paypal,402.42,2024-02-12,success
32,32,debit_card,279.68,2023-04-20,success
33,33,credit_card,454.51,2023-11-21,refunded
34,34,debit_card,473.69,2023-10-07,success
35,35,debit_card,75.11,2024-08-02,failed
36,36,apple_pay,54.39,2023-06-10,refunded
37,37,apple_pay,481.11,2023-06-22,success
38,38,apple_pay,337.02,2024-02-08,success
39,39,credit_card,94.19,2023-02-11,success
40,40,credit_card,289.34,2024-01-14,success
41,41,debit_card,293.88,2023-07-27,success
42,42,credit_card,297.21,2024-02-05,refunded
43,43,credit_card,37.72,2023-11-04,success
44,44,debit_card,234.38,2023-01-13,success
45,45,credit_card,439.43,2024-07-24,failed
46,46,credit_card,176.63,2023-08-29,refunded
47,47,gift_card,315.73,2023-05-11,refunded
48,48,credit_card,499.32,2024-09-20,success
49,49,credit_card,40.05,2023-10-11,success
50,50,gift_card,383.11,2023-01-21,refunded
51,51,paypal,446.84,2023-07-01,success
52,52,paypal,401.74,2023-09-16,success
53,53,credit_card,83.37,2023-03-28,refunded
54,54,gift_card,285.43,2024-01-06,success
55,55,credit_card,425.47,2024-12-08,refunded
56,56,debit_card,337.68,2023-11-18,success
57,57,apple_pay,407.42,2023-01-09,failed
58,58,credit_card,494.23,2023-10-29,success
59,59,paypal,378.03,2023-11-09,success
60,60,credit_card,480.67,2023-08-03,refunded
61,61,debit_card,46.18,2023-04-08,success
62,62,apple_pay,281.21,2023-06-25,success
63,63,credit_card,35.76,2024-12-26,success
64,64,credit_card,215.94,2023-07-26,success
65,65,credit_card,158.24,2024-04-14,success
66,66,credit_card,65.97,2024-01-02,success
67,67,credit_card,183.55,2023-08-07,failed
68,68,credit_card,282.58,2024-10-29,success
69,69,apple_pay,287.2,2024-06-14,success
70,70,credit_card,126.44,2023-12-07,success
71,71,apple_pay,409.82,2024-06-02,success
72,72,debit_card,368.29,2024-12-15,failed
73,73,debit_card,101.96,2023-05-26,failed
74,74,debit_card,372.24,2023-04-07,success
75,75,credit_card,484.25,2023-11-20,success
76,76,credit_card,438.53,2023-06-17,success
77,77,debit_card,441.82,2023-11-06,success
78,78,credit_card,458.58,2024-08-16,success
79,79,credit_card,434.21,2023-07-15,refunded
80,80,paypal,127.49,2024-11-28,success
81,81,credit_card,70.49,2024-09-23,failed
82,82,credit_card,479.46,2023-03-29,success
83,83,credit_card,443.8,2024-08-08,refunded
84,84,gift_card,307.94,2024-11-02,success
85,85,gift_card,250.67,2023-11-30,success
86,86,credit_card,330.34,2024-08-13,failed
87,87,gift_card,78.32,2024-03-24,success
88,88,apple_pay,448.27,2024-08-23,refunded
89,89,debit_card,242.75,2023-03-03,success
90,90,credit_card,235.95,2023-10-08,success
91,91,credit_card,309.26,2024-04-03,success
92,92,apple_pay,160.63,2024-08-09,refunded
93,93,paypal,79.71,2023-01-02,refunded
94,94,credit_card,39.47,2023-11-02,success
95,95,credit_card,192.36,2023-12-13,refunded
96,96,credit_card,271.15,2023-07-20,success
97,97,credit_card,463.7,2024-02-04,success
98,98,gift_card,262.59,2024-08-17,success
99,99,debit_card,450.84,2023-10-29,success
100,100,credit_card,259.9,2024-06-10,success
101,101,paypal,344.41,2024-05-30,success
102,102,gift_card,296.17,2023-12-30,success
103,103,debit_card,311.19,2024-03-22,success
104,104,credit_card,446.17,2023-01-07,refunded
105,105,debit_card,243.36,2024-08-31,success
106,106,gift_card,311.6,2024-11-17,success
107,107,credit_card,471.85,2023-01-24,success
108,108,apple_pay,318.09,2023-11-13,refunded
109,109,apple_pay,371.61,2023-02-09,success
110,110,paypal,35.36,2023-08-03,success
111,111,apple_pay,45.43,2023-02-11,refunded
112,112,credit_card,423.67,2023-08-03,refunded
113,113,credit_card,236.62,2023-08-26,success
114,114,credit_card,190.11,2023-01-27,success
115,115,credit_card,231.82,2024-08-28,success
116,116,apple_pay,297.43,2024-06-11,success
117,117,credit_card,371.55,2024-08-21,refunded
118,118,credit_card,428.52,2024-02-28,success
119,119,apple_pay,376.47,2024-07-30,success
120,120,apple_pay,86.71,2023-03-25,success
121,121,gift_card,197.33,2024-01-09,success
122,122,debit_card,235.84,2024-10-25,refunded
123,123,debit_card,283.56,2023-05-30,refunded
124,124,paypal,56.81,2024-01-06,failed
125,125,credit_card,88.97,2023-09-11,success
126,126,debit_card,376.55,2024-03-16,refunded
127,127,debit_card,70.43,2024-05-12,success
128,128,paypal,226.87,2023-06-15,refunded
129,129,gift_card,476.57,2023-10-20,success
130,130,apple_pay,111.74,2024-12-08,success
131,131,paypal,492.23,2023-03-28,failed
132,132,paypal,203.51,2024-03-09,failed
133,133,paypal,188.31,2024-09-03,success
134,134,paypal,237.58,2024-12-11,success
135,135,gift_card,238.25,2023-10-03,success
136,136,paypal,163.74,2023-07-05,success
137,137,gift_card,364.17,2023-04-27,refunded
138,138,credit_card,94.26,2023-03-02,success
139,139,debit_card,303.59,2024-07-11,success
140,140,credit_card,26.44,2024-03-22,success
141,141,apple_pay,92.12,2023-03-04,success
142,142,apple_pay,418.44,2023-01-05,success
143,143,debit_card,471.12,2024-05-18,refunded
144,144,gift_card,83.35,2024-08-06,success
145,145,apple_pay,142.79,2023-10-08,success
146,146,paypal,215.64,2024-10-11,success
147,147,credit_card,100.37,2023-05-15,success
148,148,credit_card,122.08,2023-03-24,failed
149,149,credit_card,371.76,2023-01-29,refunded
150,150,gift_card,54.06,2023-03-23,refunded
151,151,credit_card,455.49,2023-05-29,refunded
152,152,gift_card,212.17,2023-06-10,success
153,153,debit_card,25.39,2023-03-18,success
154,154,gift_card,244.62,2023-06-24,refunded
155,155,apple_pay,345.05,2023-10-30,success
156,156,credit_card,219.91,2023-10-22,success
157,157,credit_card,32.48,2024-02-21,success
158,158,credit_card,440.61,2023-09-08,success
159,159,credit_card,351.46,2024-06-18,success
160,160,credit_card,326.06,2023-03-12,success
161,161,credit_card,266.47,2024-01-24,success
162,162,credit_card,330.95,2024-10-29,success
163,163,debit_card,463.78,2024-03-27,success
164,164,credit_card,190.06,2024-09-25,success
165,165,apple_pay,428.0,2023-09-03,success
166,166,debit_card,106.64,2024-07-04,success
167,167,paypal,353.32,2023-02-12,refunded
168,168,credit_card,298.59,2023-08-14,failed
169,169,credit_card,139.13,2024-05-13,success
170,170,paypal,24.37,2023-07-21,refunded
171,171,gift_card,115.39,2024-02-20,success
172,172,gift_card,152.75,2023-10-15,failed
173,173,apple_pay,121.6,2023-08-18,failed
174,174,debit_card,220.46,2024-04-15,success
175,175,credit_card,398.12,2024-03-13,success
176,176,debit_card,368.33,2023-04-26,success
177,177,gift_card,11.85,2023-08-29,success
178,178,paypal,326.24,2024-07-08,success
179,179,debit_card,60.55,2023-06-23,success
180,180,credit_card,109.18,2023-05-23,success
181,181,paypal,142.73,2023-03-01,refunded
182,182,apple_pay,76.74,2024-10-23,success
183,183,paypal,439.2,2024-12-03,success
184,184,apple_pay,300.0,2024-07-22,success
185,185,credit_card,192.01,2024-01-10,success
186,186,credit_card,462.09,2024-07-31,success
187,187,paypal,99.72,2024-06-27,success
188,188,credit_card,216.42,2023-11-30,success
189,189,credit_card,211.51,2023-04-27,success
190,190,paypal,344.8,2024-01-13,failed
191,191,credit_card,140.85,2023-05-12,success
192,192,apple_pay,37.48,2023-04-23,success
193,193,paypal,80.15,2024-12-14,success
194,194,gift_card,145.67,2023-09-25,success
195,195,credit_card,358.0,2023-09-25,success
196,196,credit_card,114.23,2023-03-10,success
197,197,credit_card,156.33,2024-09-26,success
198,198,debit_card,251.96,2024-07-09,success
199,199,credit_card,137.71,2024-09-14,refunded
200,200,debit_card,121.08,2023-03-20,success
201,201,paypal,433.53,2024-12-29,success
202,202,paypal,422.65,2024-02-07,success
203,203,credit_card,260.85,2024-12-20,success
204,204,gift_card,370.99,2023-11-29,success
205,205,gift_card,395.58,2023-09-16,success
206,206,credit_card,453.45,2024-03-15,failed
207,207,paypal,55.36,2024-12-23,failed
208,208,gift_card,189.84,2024-05-13,success
209,209,credit_card,36.81,2024-01-01,success
210,210,paypal,387.89,2024-01-25,success
211,211,apple_pay,207.93,2024-08-21,failed
212,212,apple_pay,125.69,2023-07-29,success
213,213,credit_card,275.68,2024-12-13,failed
214,214,apple_pay,345.56,2023-02-18,success
215,215,credit_card,31.22,2023-03-12,success
216,216,credit_card,117.8,2023-09-16,success
217,217,gift_card,353.0,2024-04-30,refunded
218,218,credit_card,428.75,2024-09-12,success
219,219,credit_card,186.39,2024-12-22,failed
220,220,paypal,288.79,2023-08-21,refunded
221,221,gift_card,39.68,2024-08-11,failed
222,222,debit_card,374.24,2024-11-14,failed
223,223,paypal,130.89,2023-08-20,success
224,224,credit_card,143.08,2023-01-25,success
225,225,gift_card,431.44,2023-04-20,success
226,226,credit_card,413.14,2024-08-19,success
227,227,debit_card,19.3,2024-01-25,success
228,228,paypal,252.27,2024-02-21,success
229,229,credit_card,40.17,2024-06-24,success
230,230,apple_pay,161.71,2023-06-26,failed
231,231,credit_card,492.83,2024-12-27,failed
232,232,apple_pay,122.21,2023-05-29,failed
233,233,paypal,93.92,2023-12-21,refunded
234,234,apple_pay,179.95,2024-05-31,success
235,235,debit_card,146.09,2024-12-09,success
236,236,debit_card,382.54,2023-09-14,success
237,237,credit_card,494.31,2024-07-29,success
238,238,credit_card,81.53,2023-01-21,success
239,239,paypal,195.87,2023-10-14,success
240,240,credit_card,174.25,2023-04-26,failed
241,241,credit_card,181.96,2023-06-20,success
242,242,gift_card,375.64,2024-06-20,failed
243,243,credit_card,403.73,2023-04-06,success
244,244,credit_card,340.95,2024-12-06,refunded
245,245,credit_card,78.18,2023-10-04,success
246,246,apple_pay,435.21,2024-04-03,success
247,247,credit_card,188.86,2023-01-22,refunded
248,248,credit_card,88.03,2023-01-05,refunded
249,249,credit_card,139.19,2024-11-26,failed
250,250,credit_card,234.79,2023-11-30,refunded
251,251,gift_card,337.62,2024-10-26,success
252,252,debit_card,374.42,2024-08-11,success
253,253,apple_pay,367.1,2024-02-29,success
254,254,credit_card,431.48,2023-11-18,failed
255,255,credit_card,238.59,2024-07-04,success
256,256,credit_card,462.18,2024-03-01,failed
257,257,apple_pay,203.89,2023-01-28,success
258,258,debit_card,41.32,2024-05-23,success
259,259,credit_card,387.79,2023-04-03,success
260,260,credit_card,220.37,2023-02-01,failed
261,261,credit_card,480.59,2024-08-21,success
262,262,credit_card,67.21,2024-04-06,success
263,263,credit_card,394.3,2023-03-14,success
264,264,credit_card,490.0,2023-09-28,success
265,265,credit_card,105.85,2023-09-22,failed
266,266,debit_card,322.15,2023-11-04,success
267,267,credit_card,87.96,2023-12-02,failed
268,268,apple_pay,489.25,2024-12-04,success
269,269,credit_card,355.19,2023-10-30,success
270,270,credit_card,127.72,2024-12-22,success
271,271,apple_pay,220.15,2023-08-06,success
272,272,debit_card,13.79,2024-10-25,success
273,273,credit_card,62.76,2024-11-27,success
274,274,credit_card,170.3,2024-08-21,success
275,275,credit_card,121.01,2023-06-18,refunded
276,276,credit_card,52.7,2023-08-18,success
277,277,paypal,84.31,2024-03-02,success
278,278,debit_card,48.37,2024-12-08,success
279,279,credit_card,489.99,2023-06-09,success
280,280,credit_card,102.87,2023-10-07,success
281,281,paypal,393.71,2023-12-20,success
282,282,gift_card,331.59,2024-03-07,success
283,283,credit_card,383.15,2024-01-02,refunded
284,284,credit_card,168.9,2023-04-30,success
285,285,apple_pay,114.7,2023-07-27,refunded
286,286,credit_card,73.93,2024-11-14,success
287,287,debit_card,92.77,2023-12-22,refunded
288,288,credit_card,181.4,2024-10-02,success
289,289,credit_card,171.2,2023-08-16,success
290,290,credit_card,212.63,2024-10-02,success
291,291,gift_card,374.53,2023-02-05,failed
292,292,credit_card,267.37,2023-01-13,success
293,293,paypal,450.99,2023-10-15,success
294,294,apple_pay,95.98,2024-10-21,failed
295,295,debit_card,99.76,2023-11-21,success
296,296,credit_card,253.34,2023-04-07,refunded
297,297,credit_card,269.51,2024-11-02,refunded
298,298,paypal,235.08,2023-12-01,success
299,299,paypal,61.6,2024-10-02,success
300,300,gift_card,108.05,2023-01-16,success
301,301,apple_pay,296.43,2024-11-26,failed
302,302,debit_card,287.03,2023-09-25,success
303,303,credit_card,320.87,2024-01-26,success
304,304,paypal,235.99,2024-03-04,success
305,305,paypal,375.31,2024-03-16,success
306,306,apple_pay,210.81,2024-06-08,success
307,307,credit_card,134.22,2024-01-01,refunded
308,308,debit_card,489.68,2023-03-07,success
309,309,credit_card,363.52,2023-05-27,success
310,310,debit_card,279.23,2024-10-21,success
311,311,paypal,267.55,2023-11-18,success
312,312,debit_card,194.08,2023-03-09,success
313,313,paypal,294.09,2023-03-13,success
314,314,credit_card,349.55,2024-08-21,failed
315,315,credit_card,39.89,2023-10-11,failed
316,316,credit_card,377.06,2023-10-31,failed
317,317,credit_card,365.89,2024-08-05,success
318,318,credit_card,285.88,2024-01-07,success
319,319,credit_card,88.42,2023-09-06,success
320,320,apple_pay,494.33,2024-07-28,success
321,321,credit_card,133.07,2024-06-21,success
322,322,debit_card,371.86,2023-01-14,success
323,323,credit_card,99.27,2023-04-10,success
324,324,gift_card,447.88,2024-09-03,success
325,325,credit_card,57.97,2024-01-11,refunded
326,326,credit_card,422.84,2023-02-11,success
327,327,credit_card,383.01,2023-05-31,success
328,328,credit_card,238.8,2024-06-05,success
329,329,credit_card,433.76,2023-02-19,success
330,330,credit_card,87.94,2023-09-21,failed
331,331,paypal,380.89,2024-01-20,success
332,332,credit_card,395.39,2023-04-26,success
333,333,apple_pay,192.17,2024-07-09,success
334,334,debit_card,341.21,2024-03-09,success
335,335,credit_card,80.24,2024-09-04,success
336,336,credit_card,280.51,2024-03-22,success
337,337,gift_card,459.13,2023-09-25,success
338,338,credit_card,10.3,2024-08-03,success
339,339,debit_card,464.3,2023-05-04,refunded
340,340,debit_card,313.59,2023-07-18,refunded
341,341,credit_card,468.52,2023-06-17,refunded
342,342,apple_pay,486.31,2023-03-12,success
343,343,credit_card,102.9,2023-04-20,success
344,344,gift_card,371.75,2024-08-03,success
345,345,paypal,115.5,2024-12-18,success
346,346,debit_card,383.78,2024-04-14,success
347,347,debit_card,287.02,2024-01-25,success
348,348,apple_pay,275.52,2023-01-14,success
349,349,credit_card,277.75,2023-12-30,success
350,350,paypal,209.11,2024-04-26,success
351,351,paypal,409.65,2023-10-20,success
352,352,gift_card,196.84,2024-02-24,success
353,353,credit_card,97.83,2024-07-28,success
354,354,credit_card,134.76,2024-01-25,success
355,355,apple_pay,435.39,2024-03-05,success
356,356,apple_pay,193.93,2023-05-06,success
357,357,gift_card,195.11,2024-09-25,success
358,358,debit_card,391.01,2023-12-22,success
359,359,gift_card,170.79,2024-10-27,success
360,360,gift_card,164.8,2024-03-09,success
361,361,credit_card,63.09,2024-06-13,success
362,362,credit_card,137.47,2024-02-23,success
363,363,apple_pay,330.15,2024-11-15,failed
364,364,gift_card,165.0,2023-08-20,refunded
365,365,apple_pay,257.72,2024-08-14,failed
366,366,apple_pay,17.49,2024-08-04,success
367,367,apple_pay,328.91,2023-02-14,success
368,368,credit_card,367.61,2023-06-30,success
369,369,credit_card,222.93,2024-08-04,failed
370,370,gift_card,457.32,2024-04-25,refunded
371,371,credit_card,225.62,2024-06-03,success
372,372,debit_card,171.9,2024-12-21,success
373,373,paypal,186.07,2024-09-15,failed
374,374,credit_card,356.3,2024-04-21,failed
375,375,apple_pay,286.78,2024-05-03,success
376,376,debit_card,267.36,2024-02-23,success
377,377,debit_card,363.31,2024-09-23,failed
378,378,debit_card,126.82,2024-11-27,success
379,379,debit_card,413.89,2024-07-11,failed
380,380,credit_card,245.35,2024-03-30,success
381,381,apple_pay,89.99,2024-10-13,success
382,382,paypal,93.88,2023-04-16,failed
383,383,paypal,129.14,2024-09-18,success
384,384,apple_pay,178.54,2023-02-22,refunded
385,385,credit_card,71.24,2023-07-03,success
386,386,credit_card,289.31,2024-09-16,success
387,387,gift_card,295.34,2024-11-01,success
388,388,apple_pay,446.19,2023-12-27,success
389,389,apple_pay,458.53,2023-08-16,success
390,390,apple_pay,57.4,2023-01-29,success
391,391,gift_card,287.54,2023-04-11,failed
392,392,debit_card,339.13,2024-12-25,refunded
393,393,apple_pay,33.68,2024-01-28,success
394,394,debit_card,349.34,2023-01-31,success
395,395,debit_card,494.88,2024-02-08,success
396,396,debit_card,479.59,2024-03-21,success
397,397,credit_card,235.23,2024-08-16,success
398,398,apple_pay,400.43,2023-01-06,success
399,399,credit_card,35.42,2024-03-27,refunded
400,400,debit_card,119.17,2023-06-03,success
401,401,credit_card,445.43,2024-01-19,success
402,402,paypal,186.67,2023-04-16,success
403,403,gift_card,327.2,2024-07-12,success
404,404,credit_card,168.85,2023-08-25,failed
405,405,debit_card,135.95,2023-09-01,success
406,406,paypal,191.57,2024-12-10,success
407,407,credit_card,389.06,2024-09-24,success
408,408,paypal,129.74,2024-08-14,success
409,409,credit_card,36.0,2024-04-08,success
410,410,debit_card,78.42,2024-01-04,failed
411,411,paypal,341.95,2023-02-09,failed
412,412,apple_pay,444.13,2024-05-15,success
413,413,debit_card,482.29,2024-07-13,refunded
414,414,gift_card,193.42,2024-08-13,success
415,415,credit_card,229.45,2024-03-09,success
416,416,credit_card,351.53,2023-09-07,success
417,417,apple_pay,383.18,2023-11-26,success
418,418,credit_card,394.32,2023-11-14,success
419,419,apple_pay,189.01,2024-10-27,failed
420,420,credit_card,387.76,2023-07-16,success
421,421,credit_card,396.66,2024-09-26,failed
422,422,credit_card,381.55,2024-04-14,refunded
423,423,credit_card,55.53,2024-01-10,success
424,424,debit_card,356.99,2023-10-19,success
425,425,gift_card,498.29,2024-10-29,failed
426,426,credit_card,22.34,2024-02-29,success
427,427,credit_card,400.61,2024-12-30,success
428,428,credit_card,42.58,2023-02-13,success
429,429,debit_card,74.94,2023-11-15,refunded
430,430,credit_card,93.15,2024-12-21,success
431,431,apple_pay,82.47,2024-04-28,success
432,432,credit_card,301.01,2023-02-20,success
433,433,credit_card,256.49,2024-11-21,success
434,434,credit_card,458.82,2023-10-30,success
435,435,paypal,233.72,2024-08-05,success
436,436,credit_card,162.93,2023-08-24,success
437,437,gift_card,93.1,2023-11-04,success
438,438,gift_card,179.87,2024-05-03,success
439,439,credit_card,492.01,2023-12-27,failed
440,440,credit_card,398.01,2024-09-11,success
441,441,credit_card,202.28,2024-03-20,failed
442,442,apple_pay,138.65,2024-05-31,failed
443,443,apple_pay,431.29,2023-01-16,success
444,444,paypal,316.38,2024-03-31,success
445,445,gift_card,314.21,2024-07-22,refunded
446,446,paypal,62.05,2023-03-09,success
447,447,debit_card,237.72,2023-02-23,refunded
448,448,credit_card,40.09,2024-01-29,success
449,449,paypal,180.06,2024-03-26,refunded
450,450,credit_card,358.9,2023-10-29,refunded
451,451,apple_pay,415.3,2024-01-12,success
452,452,credit_card,83.65,2024-12-26,success
453,453,credit_card,276.43,2024-11-16,success
454,454,credit_card,321.53,2024-03-10,success
455,455,debit_card,238.76,2024-09-06,success
456,456,credit_card,92.51,2023-08-30,success
457,457,gift_card,12.09,2024-12-05,refunded
458,458,apple_pay,344.99,2023-08-23,success
459,459,paypal,133.63,2024-08-30,success
460,460,credit_card,80.84,2023-10-07,success
461,461,debit_card,49.07,2023-03-16,failed
462,462,paypal,250.91,2023-10-22,success
463,463,debit_card,31.88,2023-12-28,success
464,464,apple_pay,221.92,2024-11-29,success
465,465,credit_card,31.72,2024-10-23,success
466,466,debit_card,357.12,2023-01-07,success
467,467,apple_pay,168.94,2023-09-22,success
468,468,credit_card,236.32,2024-04-14,refunded
469,469,apple_pay,428.14,2023-06-30,refunded
470,470,credit_card,137.77,2023-09-23,success
471,471,apple_pay,95.34,2023-07-23,success
472,472,credit_card,13.96,2024-03-08,success
473,473,credit_card,179.27,2024-12-26,success
474,474,credit_card,371.76,2023-10-21,success
475,475,credit_card,440.41,2024-05-04,success
476,476,debit_card,222.36,2024-12-14,success
477,477,gift_card,293.5,2023-05-24,success
478,478,gift_card,401.17,2024-01-22,success
479,479,debit_card,140.15,2023-07-15,success
480,480,gift_card,177.17,2023-12-21,success
481,481,gift_card,103.51,2024-09-22,success
482,482,apple_pay,364.95,2024-10-27,refunded
483,483,debit_card,295.26,2024-06-11,refunded
484,484,credit_card,186.83,2023-02-14,success
485,485,credit_card,457.64,2023-09-02,refunded
486,486,credit_card,447.48,2024-02-17,refunded
487,487,credit_card,17.54,2023-05-14,success
488,488,paypal,65.86,2024-08-15,success
489,489,credit_card,189.56,2024-10-29,refunded
490,490,apple_pay,309.67,2024-04-11,success
491,491,apple_pay,484.61,2023-02-11,success
492,492,credit_card,450.58,2024-06-11,refunded
493,493,credit_card,449.37,2023-05-22,refunded
494,494,credit_card,59.71,2024-06-27,success
495,495,credit_card,398.2,2023-06-21,success
496,496,credit_card,241.7,2023-03-28,success
497,497,credit_card,498.71,2024-03-07,success
498,498,debit_card,457.97,2024-01-04,success
499,499,debit_card,109.38,2024-07-09,success
500,500,credit_card,50.8,2023-02-24,success
501,501,paypal,244.89,2023-07-20,success
502,502,credit_card,419.94,2023-03-29,failed
503,503,credit_card,212.06,2024-11-25,refunded
504,504,apple_pay,71.22,2023-08-23,success
505,505,debit_card,483.88,2024-10-23,refunded
506,506,credit_card,169.72,2024-09-04,success
507,507,credit_card,79.36,2024-09-13,success
508,508,debit_card,84.39,2023-02-13,success
509,509,apple_pay,482.22,2023-06-21,success
510,510,paypal,54.42,2024-03-26,success
511,511,credit_card,171.03,2023-08-02,failed
512,512,apple_pay,73.07,2023-07-12,success
513,513,credit_card,47.14,2023-11-01,success
514,514,paypal,75.79,2024-08-13,success
515,515,credit_card,179.43,2024-08-26,success
516,516,paypal,446.81,2023-01-21,success
517,517,paypal,148.49,2023-07-18,failed
518,518,debit_card,462.53,2024-08-09,success
519,519,credit_card,57.57,2023-08-22,success
520,520,credit_card,127.62,2024-10-18,success
521,521,apple_pay,42.2,2024-04-04,success
522,522,credit_card,244.81,2023-07-13,success
523,523,credit_card,320.76,2024-02-03,refunded
524,524,credit_card,63.38,2024-07-30,success
525,525,debit_card,472.02,2024-01-23,failed
526,526,credit_card,401.66,2024-07-24,success
527,527,credit_card,443.11,2023-03-23,success
528,528,paypal,494.63,2024-05-14,refunded
529,529,credit_card,25.61,2023-06-18,success
530,530,gift_card,96.92,2023-07-24,success
531,531,paypal,32.77,2024-10-19,refunded
532,532,paypal,328.13,2024-09-11,success
533,533,debit_card,241.61,2024-12-20,success
534,534,credit_card,408.13,2023-11-20,refunded
535,535,credit_card,424.45,2023-01-04,success
536,536,debit_card,443.52,2023-09-09,success
537,537,credit_card,352.84,2023-05-12,success
538,538,gift_card,166.41,2023-06-16,success
539,539,credit_card,401.0,2024-03-08,success
540,540,credit_card,485.58,2024-04-20,failed
541,541,debit_card,75.08,2024-11-14,failed
542,542,apple_pay,264.96,2024-02-05,success
543,543,credit_card,264.52,2023-09-27,success
544,544,apple_pay,125.26,2023-08-11,success
545,545,credit_card,396.16,2023-04-22,refunded
546,546,paypal,10.95,2023-05-13,refunded
547,547,credit_card,13.13,2024-02-02,success
548,548,apple_pay,86.15,2024-10-16,success
549,549,apple_pay,26.65,2024-08-11,success
550,550,credit_card,442.65,2024-11-20,success
551,551,credit_card,457.04,2024-09-05,success
552,552,gift_card,89.06,2024-09-20,success
553,553,credit_card,52.41,2023-09-06,success
554,554,credit_card,365.8,2023-02-24,success
555,555,debit_card,446.58,2024-10-10,failed
556,556,credit_card,290.67,2023-12-05,failed
557,557,credit_card,167.48,2024-01-19,success
558,558,credit_card,144.46,2024-03-22,failed
559,559,apple_pay,237.16,2023-12-30,success
560,560,debit_card,186.57,2023-10-08,success
561,561,gift_card,344.58,2023-12-17,success
562,562,credit_card,214.62,2023-05-27,failed
563,563,credit_card,266.33,2024-06-05,success
564,564,debit_card,104.92,2024-01-01,refunded
565,565,credit_card,243.44,2024-12-16,failed
566,566,credit_card,281.26,2023-12-30,success
567,567,gift_card,328.68,2024-01-13,success
568,568,credit_card,132.6,2023-03-25,success
569,569,credit_card,455.53,2023-08-08,success
570,570,debit_card,32.75,2023-03-30,success
571,571,credit_card,275.75,2023-06-10,success
572,572,credit_card,286.43,2024-06-23,success
573,573,credit_card,300.09,2024-07-15,success
574,574,credit_card,212.21,2024-01-10,success
575,575,apple_pay,84.9,2024-01-15,success
576,576,credit_card,99.99,2024-09-13,failed
577,577,apple_pay,469.82,2024-12-26,success
578,578,credit_card,272.98,2023-12-22,success
579,579,credit_card,255.59,2023-06-05,refunded
580,580,debit_card,282.76,2023-03-21,success
581,581,apple_pay,267.28,2024-11-13,refunded
582,582,debit_card,446.87,2024-06-07,success
583,583,paypal,52.2,2023-04-12,success
584,584,paypal,377.46,2023-09-24,success
585,585,apple_pay,432.6,2023-07-11,refunded
586,586,debit_card,165.9,2024-03-03,failed
587,587,gift_card,360.56,2023-12-27,success
588,588,apple_pay,316.41,2024-09-13,success
589,589,apple_pay,127.54,2023-08-23,failed
590,590,gift_card,186.86,2024-10-21,success
591,591,gift_card,420.02,2024-10-09,success
592,592,credit_card,340.4,2023-09-23,success
593,593,credit_card,71.48,2023-04-21,success
594,594,debit_card,182.38,2023-03-02,failed
595,595,apple_pay,180.04,2024-07-25,success
596,596,credit_card,377.55,2023-11-20,success
597,597,credit_card,233.66,2024-12-13,success
598,598,credit_card,282.31,2023-04-25,success
599,599,credit_card,331.58,2023-11-24,success
600,600,credit_card,421.65,2023-01-23,success
601,601,credit_card,65.85,2023-10-21,failed
602,602,debit_card,351.74,2023-10-05,success
603,603,gift_card,352.45,2023-11-15,failed
604,604,credit_card,429.86,2023-08-11,success
605,605,debit_card,57.1,2024-11-27,success
606,606,credit_card,132.16,2023-04-14,success
607,607,debit_card,212.76,2023-01-06,success
608,608,credit_card,295.03,2024-04-11,success
609,609,gift_card,232.6,2023-03-24,success
610,610,credit_card,209.0,2024-11-09,success
611,611,gift_card,390.59,2024-03-05,success
612,612,debit_card,13.51,2023-04-01,success
613,613,credit_card,203.54,2024-12-03,success
614,614,paypal,229.22,2023-12-24,failed
615,615,credit_card,469.58,2023-04-26,success
616,616,credit_card,370.89,2024-05-17,success
617,617,apple_pay,91.21,2024-09-19,success
618,618,credit_card,88.02,2023-01-19,success
619,619,debit_card,431.14,2023-06-01,success
620,620,apple_pay,319.89,2024-03-11,success
621,621,credit_card,178.14,2024-01-22,refunded
622,622,credit_card,397.62,2024-09-24,success
623,623,credit_card,48.12,2024-02-22,success
624,624,credit_card,335.22,2024-08-09,success
625,625,credit_card,258.33,2024-10-25,success
626,626,credit_card,140.74,2024-04-18,refunded
627,627,debit_card,374.78,2023-04-22,failed
628,628,gift_card,457.21,2023-12-17,success
629,629,gift_card,139.04,2024-05-18,refunded
630,630,paypal,295.1,2024-03-19,success
631,631,gift_card,314.29,2024-05-02,success
632,632,gift_card,414.95,2023-04-05,success
633,633,credit_card,412.19,2024-03-27,refunded
634,634,paypal,392.32,2024-05-30,failed
635,635,credit_card,421.65,2023-08-18,failed
636,636,credit_card,20.46,2024-09-23,success
637,637,credit_card,118.98,2024-06-09,success
638,638,paypal,129.67,2023-12-29,refunded
639,639,apple_pay,106.98,2024-04-02,failed
640,640,apple_pay,17.4,2024-10-25,success
641,641,paypal,294.78,2023-12-30,success
642,642,gift_card,480.89,2024-01-19,failed
643,643,credit_card,322.71,2024-10-09,failed
644,644,gift_card,234.13,2024-06-20,refunded
645,645,credit_card,89.45,2023-07-16,success
646,646,credit_card,27.02,2023-11-23,success
647,647,debit_card,35.55,2024-11-04,failed
648,648,paypal,145.03,2024-11-02,success
649,649,credit_card,14.08,2023-02-15,success
650,650,paypal,109.75,2023-12-16,failed
651,651,gift_card,276.33,2024-10-23,success
652,652,credit_card,91.95,2024-06-19,success
653,653,credit_card,395.01,2024-03-13,success
654,654,paypal,181.7,2023-10-13,success
655,655,credit_card,302.24,2024-05-01,refunded
656,656,debit_card,69.46,2024-08-03,success
657,657,credit_card,123.25,2024-09-13,success
658,658,credit_card,19.02,2023-04-28,failed
659,659,gift_card,21.57,2023-04-09,refunded
660,660,credit_card,38.39,2023-11-28,success
661,661,paypal,31.75,2023-01-29,refunded
662,662,credit_card,277.47,2024-10-05,success
663,663,credit_card,32.03,2023-11-25,success
664,664,credit_card,361.76,2023-06-18,success
665,665,gift_card,448.17,2024-05-08,success
666,666,credit_card,214.38,2024-03-09,success
667,667,debit_card,440.51,2024-05-15,success
668,668,gift_card,419.37,2024-07-09,success
669,669,credit_card,409.45,2024-06-06,success
670,670,credit_card,280.61,2024-07-28,success
671,671,credit_card,135.83,2023-07-16,failed
672,672,gift_card,49.21,2023-01-01,success
673,673,credit_card,345.17,2023-12-01,success
674,674,gift_card,445.01,2024-04-14,success
675,675,credit_card,151.64,2023-05-28,success
676,676,debit_card,244.74,2023-12-12,success
677,677,paypal,149.39,2023-02-12,success
678,678,apple_pay,310.13,2023-09-20,success
679,679,credit_card,291.08,2024-11-28,success
680,680,paypal,15.67,2024-05-28,success
681,681,credit_card,357.9,2023-01-06,success
682,682,debit_card,334.03,2023-03-26,success
683,683,apple_pay,419.17,2023-09-13,success
684,684,paypal,100.92,2024-10-21,success
685,685,credit_card,239.94,2024-10-15,success
686,686,credit_card,356.51,2023-04-29,success
687,687,credit_card,326.09,2024-11-07,success
688,688,credit_card,344.2,2024-08-10,success
689,689,debit_card,482.82,2024-04-19,failed
690,690,gift_card,418.45,2023-04-20,refunded
691,691,credit_card,15.21,2024-12-26,success
692,692,credit_card,491.56,2023-09-29,success
693,693,gift_card,17.92,2024-10-28,success
694,694,debit_card,168.47,2023-02-10,failed
695,695,credit_card,77.24,2023-10-19,success
696,696,paypal,445.75,2023-12-10,success
697,697,debit_card,166.43,2024-11-27,success
698,698,debit_card,400.67,2023-07-11,failed
699,699,apple_pay,86.7,2024-08-12,success
700,700,debit_card,342.81,2023-11-16,success
701,701,debit_card,128.89,2024-01-22,refunded
702,702,apple_pay,366.97,2024-10-12,success
703,703,credit_card,22.66,2023-05-10,success
704,704,apple_pay,227.87,2024-07-01,success
705,705,apple_pay,297.39,2023-08-25,success
706,706,debit_card,351.48,2024-10-14,success
707,707,apple_pay,114.09,2024-10-27,success
708,708,debit_card,126.24,2023-10-27,refunded
709,709,credit_card,158.52,2023-03-07,failed
710,710,gift_card,319.78,2024-09-27,success
711,711,debit_card,314.91,2023-05-29,success
712,712,debit_card,207.58,2023-11-28,success
713,713,credit_card,104.5,2023-10-14,success
714,714,credit_card,223.54,2023-10-13,success
715,715,credit_card,336.56,2023-12-25,success
716,716,paypal,264.46,2024-11-27,refunded
717,717,credit_card,463.24,2024-05-22,success
718,718,credit_card,262.94,2024-06-23,success
719,719,apple_pay,366.22,2024-11-17,success
720,720,credit_card,66.1,2024-11-12,success
721,721,paypal,454.55,2023-01-12,success
722,722,paypal,236.29,2024-07-11,success
723,723,gift_card,444.17,2023-03-13,success
724,724,apple_pay,76.94,2023-02-17,success
725,725,credit_card,110.57,2023-01-23,success
726,726,credit_card,458.18,2024-11-03,success
727,727,debit_card,31.61,2024-11-26,success
728,728,paypal,495.19,2023-01-25,success
729,729,gift_card,167.87,2023-02-20,success
730,730,paypal,235.08,2024-12-22,failed
731,731,credit_card,378.46,2023-06-03,success
732,732,gift_card,425.22,2024-12-12,success
733,733,credit_card,129.3,2023-09-08,success
734,734,credit_card,221.65,2024-09-19,success
735,735,credit_card,368.41,2024-10-23,failed
736,736,apple_pay,306.08,2024-09-01,success
737,737,debit_card,498.85,2023-09-28,failed
738,738,gift_card,463.17,2023-12-14,failed
739,739,debit_card,155.73,2023-12-19,success
740,740,debit_card,458.06,2024-05-09,success
741,741,credit_card,251.14,2024-01-03,success
742,742,credit_card,405.3,2024-03-17,success
743,743,debit_card,198.14,2023-02-16,success
744,744,credit_card,425.73,2023-04-09,success
745,745,debit_card,102.2,2024-05-28,success
746,746,credit_card,58.66,2024-01-09,failed
747,747,gift_card,454.06,2024-04-04,success
748,748,paypal,133.59,2024-02-21,success
749,749,credit_card,354.93,2023-06-09,success
750,750,credit_card,214.16,2024-02-20,success
751,751,paypal,314.24,2023-07-29,success
752,752,gift_card,66.04,2023-01-05,success
753,753,credit_card,312.5,2024-06-29,success
754,754,credit_card,94.86,2023-12-13,failed
755,755,credit_card,89.78,2023-02-09,success
756,756,credit_card,448.0,2023-10-05,success
757,757,paypal,65.02,2023-03-02,refunded
758,758,credit_card,478.66,2023-11-24,success
759,759,debit_card,394.8,2024-06-29,success
760,760,credit_card,84.61,2023-05-29,success
761,761,debit_card,111.29,2024-05-21,success
762,762,paypal,90.47,2023-03-27,failed
763,763,credit_card,346.68,2024-10-18,success
764,764,paypal,70.31,2024-07-14,success
765,765,apple_pay,338.63,2024-12-16,failed
766,766,credit_card,266.0,2023-12-25,failed
767,767,apple_pay,367.25,2023-11-04,success
768,768,paypal,231.48,2024-03-13,failed
769,769,credit_card,22.47,2024-02-20,success
770,770,apple_pay,417.33,2023-07-04,refunded
771,771,credit_card,61.68,2024-04-29,success
772,772,credit_card,305.01,2024-06-18,success
773,773,debit_card,369.38,2023-09-15,success
774,774,credit_card,135.96,2023-08-27,success
775,775,debit_card,356.57,2023-03-31,success
776,776,apple_pay,175.61,2023-06-24,success
777,777,debit_card,103.21,2024-11-10,refunded
778,778,debit_card,270.55,2023-03-31,success
779,779,gift_card,138.95,2024-06-15,success
780,780,credit_card,354.72,2024-09-18,refunded
781,781,credit_card,320.69,2024-04-13,success
782,782,gift_card,322.04,2023-09-11,success
783,783,gift_card,56.41,2024-11-24,refunded
784,784,apple_pay,12.74,2024-08-03,refunded
785,785,credit_card,127.58,2024-09-09,success
786,786,paypal,61.85,2023-12-04,success
787,787,apple_pay,231.83,2024-09-05,success
788,788,paypal,395.8,2024-12-30,success
789,789,gift_card,89.27,2023-11-18,success
790,790,paypal,489.41,2024-07-29,success
791,791,paypal,50.35,2024-09-26,success
792,792,credit_card,432.89,2024-03-19,success
793,793,credit_card,127.62,2023-01-26,refunded
794,794,paypal,169.29,2023-04-15,success
795,795,gift_card,259.9,2024-02-03,success
796,796,paypal,52.53,2023-09-22,failed
797,797,gift_card,389.41,2023-11-04,success
798,798,paypal,154.47,2024-03-25,failed
799,799,gift_card,262.01,2023-01-21,failed
800,800,credit_card,382.9,2023-09-27,success
